nrp,password
9999990001,F1305NS21n
9999990002,F1305NS21n
9999990003,F1305NS21n
9999990004,F1305NS21n
9999990005,F1305NS21n
9999990006,F1305NS21n
9999990007,F1305NS21n
9999990008,F1305NS21n
9999990009,F1305NS21n
9999990010,F1305NS21n
9999990011,F1305NS21n
9999990012,F1305NS21n
9999990013,F1305NS21n
9999990014,F1305NS21n
9999990015,F1305NS21n
9999990016,F1305NS21n
9999990017,F1305NS21n
9999990018,F1305NS21n
9999990019,F1305NS21n
9999990020,F1305NS21n
9999990021,F1305NS21n
9999990022,F1305NS21n
9999990023,F1305NS21n
9999990024,F1305NS21n
9999990025,F1305NS21n
9999990026,F1305NS21n
9999990027,F1305NS21n
9999990028,F1305NS21n
9999990029,F1305NS21n
9999990030,F1305NS21n
9999990031,F1305NS21n
9999990032,F1305NS21n
9999990033,F1305NS21n
9999990034,F1305NS21n
9999990035,F1305NS21n
9999990036,F1305NS21n
9999990037,F1305NS21n
9999990038,F1305NS21n
9999990039,F1305NS21n
9999990040,F1305NS21n
9999990041,F1305NS21n
9999990042,F1305NS21n
9999990043,F1305NS21n
9999990044,F1305NS21n
9999990045,F1305NS21n
9999990046,F1305NS21n
9999990047,F1305NS21n
9999990048,F1305NS21n
9999990049,F1305NS21n
9999990050,F1305NS21n
9999990051,F1305NS21n
9999990052,F1305NS21n
9999990053,F1305NS21n
9999990054,F1305NS21n
9999990055,F1305NS21n
9999990056,F1305NS21n
9999990057,F1305NS21n
9999990058,F1305NS21n
9999990059,F1305NS21n
9999990060,F1305NS21n
9999990061,F1305NS21n
9999990062,F1305NS21n
9999990063,F1305NS21n
9999990064,F1305NS21n
9999990065,F1305NS21n
9999990066,F1305NS21n
9999990067,F1305NS21n
9999990068,F1305NS21n
9999990069,F1305NS21n
9999990070,F1305NS21n
9999990071,F1305NS21n
9999990072,F1305NS21n
9999990073,F1305NS21n
9999990074,F1305NS21n
9999990075,F1305NS21n
9999990076,F1305NS21n
9999990077,F1305NS21n
9999990078,F1305NS21n
9999990079,F1305NS21n
9999990080,F1305NS21n
9999990081,F1305NS21n
9999990082,F1305NS21n
9999990083,F1305NS21n
9999990084,F1305NS21n
9999990085,F1305NS21n
9999990086,F1305NS21n
9999990087,F1305NS21n
9999990088,F1305NS21n
9999990089,F1305NS21n
9999990090,F1305NS21n
9999990091,F1305NS21n
9999990092,F1305NS21n
9999990093,F1305NS21n
9999990094,F1305NS21n
9999990095,F1305NS21n
9999990096,F1305NS21n
9999990097,F1305NS21n
9999990098,F1305NS21n
9999990099,F1305NS21n
9999990100,F1305NS21n
9999990101,F1305NS21n
9999990102,F1305NS21n
9999990103,F1305NS21n
9999990104,F1305NS21n
9999990105,F1305NS21n
9999990106,F1305NS21n
9999990107,F1305NS21n
9999990108,F1305NS21n
9999990109,F1305NS21n
9999990110,F1305NS21n
9999990111,F1305NS21n
9999990112,F1305NS21n
9999990113,F1305NS21n
9999990114,F1305NS21n
9999990115,F1305NS21n
9999990116,F1305NS21n
9999990117,F1305NS21n
9999990118,F1305NS21n
9999990119,F1305NS21n
9999990120,F1305NS21n
9999990121,F1305NS21n
9999990122,F1305NS21n
9999990123,F1305NS21n
9999990124,F1305NS21n
9999990125,F1305NS21n
9999990126,F1305NS21n
9999990127,F1305NS21n
9999990128,F1305NS21n
9999990129,F1305NS21n
9999990130,F1305NS21n
9999990131,F1305NS21n
9999990132,F1305NS21n
9999990133,F1305NS21n
9999990134,F1305NS21n
9999990135,F1305NS21n
9999990136,F1305NS21n
9999990137,F1305NS21n
9999990138,F1305NS21n
9999990139,F1305NS21n
9999990140,F1305NS21n
9999990141,F1305NS21n
9999990142,F1305NS21n
9999990143,F1305NS21n
9999990144,F1305NS21n
9999990145,F1305NS21n
9999990146,F1305NS21n
9999990147,F1305NS21n
9999990148,F1305NS21n
9999990149,F1305NS21n
9999990150,F1305NS21n
9999990151,F1305NS21n
9999990152,F1305NS21n
9999990153,F1305NS21n
9999990154,F1305NS21n
9999990155,F1305NS21n
9999990156,F1305NS21n
9999990157,F1305NS21n
9999990158,F1305NS21n
9999990159,F1305NS21n
9999990160,F1305NS21n
9999990161,F1305NS21n
9999990162,F1305NS21n
9999990163,F1305NS21n
9999990164,F1305NS21n
9999990165,F1305NS21n
9999990166,F1305NS21n
9999990167,F1305NS21n
9999990168,F1305NS21n
9999990169,F1305NS21n
9999990170,F1305NS21n
9999990171,F1305NS21n
9999990172,F1305NS21n
9999990173,F1305NS21n
9999990174,F1305NS21n
9999990175,F1305NS21n
9999990176,F1305NS21n
9999990177,F1305NS21n
9999990178,F1305NS21n
9999990179,F1305NS21n
9999990180,F1305NS21n
9999990181,F1305NS21n
9999990182,F1305NS21n
9999990183,F1305NS21n
9999990184,F1305NS21n
9999990185,F1305NS21n
9999990186,F1305NS21n
9999990187,F1305NS21n
9999990188,F1305NS21n
9999990189,F1305NS21n
9999990190,F1305NS21n
9999990191,F1305NS21n
9999990192,F1305NS21n
9999990193,F1305NS21n
9999990194,F1305NS21n
9999990195,F1305NS21n
9999990196,F1305NS21n
9999990197,F1305NS21n
9999990198,F1305NS21n
9999990199,F1305NS21n
9999990200,F1305NS21n
9999990201,F1305NS21n
9999990202,F1305NS21n
9999990203,F1305NS21n
9999990204,F1305NS21n
9999990205,F1305NS21n
9999990206,F1305NS21n
9999990207,F1305NS21n
9999990208,F1305NS21n
9999990209,F1305NS21n
9999990210,F1305NS21n
9999990211,F1305NS21n
9999990212,F1305NS21n
9999990213,F1305NS21n
9999990214,F1305NS21n
9999990215,F1305NS21n
9999990216,F1305NS21n
9999990217,F1305NS21n
9999990218,F1305NS21n
9999990219,F1305NS21n
9999990220,F1305NS21n
9999990221,F1305NS21n
9999990222,F1305NS21n
9999990223,F1305NS21n
9999990224,F1305NS21n
9999990225,F1305NS21n
9999990226,F1305NS21n
9999990227,F1305NS21n
9999990228,F1305NS21n
9999990229,F1305NS21n
9999990230,F1305NS21n
9999990231,F1305NS21n
9999990232,F1305NS21n
9999990233,F1305NS21n
9999990234,F1305NS21n
9999990235,F1305NS21n
9999990236,F1305NS21n
9999990237,F1305NS21n
9999990238,F1305NS21n
9999990239,F1305NS21n
9999990240,F1305NS21n
9999990241,F1305NS21n
9999990242,F1305NS21n
9999990243,F1305NS21n
9999990244,F1305NS21n
9999990245,F1305NS21n
9999990246,F1305NS21n
9999990247,F1305NS21n
9999990248,F1305NS21n
9999990249,F1305NS21n
9999990250,F1305NS21n
9999990251,F1305NS21n
9999990252,F1305NS21n
9999990253,F1305NS21n
9999990254,F1305NS21n
9999990255,F1305NS21n
9999990256,F1305NS21n
9999990257,F1305NS21n
9999990258,F1305NS21n
9999990259,F1305NS21n
9999990260,F1305NS21n
9999990261,F1305NS21n
9999990262,F1305NS21n
9999990263,F1305NS21n
9999990264,F1305NS21n
9999990265,F1305NS21n
9999990266,F1305NS21n
9999990267,F1305NS21n
9999990268,F1305NS21n
9999990269,F1305NS21n
9999990270,F1305NS21n
9999990271,F1305NS21n
9999990272,F1305NS21n
9999990273,F1305NS21n
9999990274,F1305NS21n
9999990275,F1305NS21n
9999990276,F1305NS21n
9999990277,F1305NS21n
9999990278,F1305NS21n
9999990279,F1305NS21n
9999990280,F1305NS21n
9999990281,F1305NS21n
9999990282,F1305NS21n
9999990283,F1305NS21n
9999990284,F1305NS21n
9999990285,F1305NS21n
9999990286,F1305NS21n
9999990287,F1305NS21n
9999990288,F1305NS21n
9999990289,F1305NS21n
9999990290,F1305NS21n
9999990291,F1305NS21n
9999990292,F1305NS21n
9999990293,F1305NS21n
9999990294,F1305NS21n
9999990295,F1305NS21n
9999990296,F1305NS21n
9999990297,F1305NS21n
9999990298,F1305NS21n
9999990299,F1305NS21n
9999990300,F1305NS21n
9999990301,F1305NS21n
9999990302,F1305NS21n
9999990303,F1305NS21n
9999990304,F1305NS21n
9999990305,F1305NS21n
9999990306,F1305NS21n
9999990307,F1305NS21n
9999990308,F1305NS21n
9999990309,F1305NS21n
9999990310,F1305NS21n
9999990311,F1305NS21n
9999990312,F1305NS21n
9999990313,F1305NS21n
9999990314,F1305NS21n
9999990315,F1305NS21n
9999990316,F1305NS21n
9999990317,F1305NS21n
9999990318,F1305NS21n
9999990319,F1305NS21n
9999990320,F1305NS21n
9999990321,F1305NS21n
9999990322,F1305NS21n
9999990323,F1305NS21n
9999990324,F1305NS21n
9999990325,F1305NS21n
9999990326,F1305NS21n
9999990327,F1305NS21n
9999990328,F1305NS21n
9999990329,F1305NS21n
9999990330,F1305NS21n
9999990331,F1305NS21n
9999990332,F1305NS21n
9999990333,F1305NS21n
9999990334,F1305NS21n
9999990335,F1305NS21n
9999990336,F1305NS21n
9999990337,F1305NS21n
9999990338,F1305NS21n
9999990339,F1305NS21n
9999990340,F1305NS21n
9999990341,F1305NS21n
9999990342,F1305NS21n
9999990343,F1305NS21n
9999990344,F1305NS21n
9999990345,F1305NS21n
9999990346,F1305NS21n
9999990347,F1305NS21n
9999990348,F1305NS21n
9999990349,F1305NS21n
9999990350,F1305NS21n
9999990351,F1305NS21n
9999990352,F1305NS21n
9999990353,F1305NS21n
9999990354,F1305NS21n
9999990355,F1305NS21n
9999990356,F1305NS21n
9999990357,F1305NS21n
9999990358,F1305NS21n
9999990359,F1305NS21n
9999990360,F1305NS21n
9999990361,F1305NS21n
9999990362,F1305NS21n
9999990363,F1305NS21n
9999990364,F1305NS21n
9999990365,F1305NS21n
9999990366,F1305NS21n
9999990367,F1305NS21n
9999990368,F1305NS21n
9999990369,F1305NS21n
9999990370,F1305NS21n
9999990371,F1305NS21n
9999990372,F1305NS21n
9999990373,F1305NS21n
9999990374,F1305NS21n
9999990375,F1305NS21n
9999990376,F1305NS21n
9999990377,F1305NS21n
9999990378,F1305NS21n
9999990379,F1305NS21n
9999990380,F1305NS21n
9999990381,F1305NS21n
9999990382,F1305NS21n
9999990383,F1305NS21n
9999990384,F1305NS21n
9999990385,F1305NS21n
9999990386,F1305NS21n
9999990387,F1305NS21n
9999990388,F1305NS21n
9999990389,F1305NS21n
9999990390,F1305NS21n
9999990391,F1305NS21n
9999990392,F1305NS21n
9999990393,F1305NS21n
9999990394,F1305NS21n
9999990395,F1305NS21n
9999990396,F1305NS21n
9999990397,F1305NS21n
9999990398,F1305NS21n
9999990399,F1305NS21n
9999990400,F1305NS21n
9999990401,F1305NS21n
9999990402,F1305NS21n
9999990403,F1305NS21n
9999990404,F1305NS21n
9999990405,F1305NS21n
9999990406,F1305NS21n
9999990407,F1305NS21n
9999990408,F1305NS21n
9999990409,F1305NS21n
9999990410,F1305NS21n
9999990411,F1305NS21n
9999990412,F1305NS21n
9999990413,F1305NS21n
9999990414,F1305NS21n
9999990415,F1305NS21n
9999990416,F1305NS21n
9999990417,F1305NS21n
9999990418,F1305NS21n
9999990419,F1305NS21n
9999990420,F1305NS21n
9999990421,F1305NS21n
9999990422,F1305NS21n
9999990423,F1305NS21n
9999990424,F1305NS21n
9999990425,F1305NS21n
9999990426,F1305NS21n
9999990427,F1305NS21n
9999990428,F1305NS21n
9999990429,F1305NS21n
9999990430,F1305NS21n
9999990431,F1305NS21n
9999990432,F1305NS21n
9999990433,F1305NS21n
9999990434,F1305NS21n
9999990435,F1305NS21n
9999990436,F1305NS21n
9999990437,F1305NS21n
9999990438,F1305NS21n
9999990439,F1305NS21n
9999990440,F1305NS21n
9999990441,F1305NS21n
9999990442,F1305NS21n
9999990443,F1305NS21n
9999990444,F1305NS21n
9999990445,F1305NS21n
9999990446,F1305NS21n
9999990447,F1305NS21n
9999990448,F1305NS21n
9999990449,F1305NS21n
9999990450,F1305NS21n
9999990451,F1305NS21n
9999990452,F1305NS21n
9999990453,F1305NS21n
9999990454,F1305NS21n
9999990455,F1305NS21n
9999990456,F1305NS21n
9999990457,F1305NS21n
9999990458,F1305NS21n
9999990459,F1305NS21n
9999990460,F1305NS21n
9999990461,F1305NS21n
9999990462,F1305NS21n
9999990463,F1305NS21n
9999990464,F1305NS21n
9999990465,F1305NS21n
9999990466,F1305NS21n
9999990467,F1305NS21n
9999990468,F1305NS21n
9999990469,F1305NS21n
9999990470,F1305NS21n
9999990471,F1305NS21n
9999990472,F1305NS21n
9999990473,F1305NS21n
9999990474,F1305NS21n
9999990475,F1305NS21n
9999990476,F1305NS21n
9999990477,F1305NS21n
9999990478,F1305NS21n
9999990479,F1305NS21n
9999990480,F1305NS21n
9999990481,F1305NS21n
9999990482,F1305NS21n
9999990483,F1305NS21n
9999990484,F1305NS21n
9999990485,F1305NS21n
9999990486,F1305NS21n
9999990487,F1305NS21n
9999990488,F1305NS21n
9999990489,F1305NS21n
9999990490,F1305NS21n
9999990491,F1305NS21n
9999990492,F1305NS21n
9999990493,F1305NS21n
9999990494,F1305NS21n
9999990495,F1305NS21n
9999990496,F1305NS21n
9999990497,F1305NS21n
9999990498,F1305NS21n
9999990499,F1305NS21n
9999990500,F1305NS21n